split,data_path,mask_path
train,image_directory_20230813_100,mask_directory_20230813_100
train,image_directory_20230813_101,mask_directory_20230813_101
train,image_directory_20230813_102,mask_directory_20230813_102
train,image_directory_20230813_103,mask_directory_20230813_103
train,image_directory_20230813_104,mask_directory_20230813_104
train,image_directory_20230813_105,mask_directory_20230813_105
train,image_directory_20230813_106,mask_directory_20230813_106
train,image_directory_20230813_1064,mask_directory_20230813_1064
train,image_directory_20230813_1065,mask_directory_20230813_1065
train,image_directory_20230813_1066,mask_directory_20230813_1066
train,image_directory_20230813_1067,mask_directory_20230813_1067
train,image_directory_20230813_1068,mask_directory_20230813_1068
train,image_directory_20230813_1069,mask_directory_20230813_1069
train,image_directory_20230813_107,mask_directory_20230813_107
train,image_directory_20230813_1070,mask_directory_20230813_1070
train,image_directory_20230813_1071,mask_directory_20230813_1071
train,image_directory_20230813_1072,mask_directory_20230813_1072
train,image_directory_20230813_1073,mask_directory_20230813_1073
train,image_directory_20230813_1074,mask_directory_20230813_1074
train,image_directory_20230813_1075,mask_directory_20230813_1075
train,image_directory_20230813_1076,mask_directory_20230813_1076
train,image_directory_20230813_1077,mask_directory_20230813_1077
train,image_directory_20230813_1078,mask_directory_20230813_1078
train,image_directory_20230813_1079,mask_directory_20230813_1079
train,image_directory_20230813_108,mask_directory_20230813_108
train,image_directory_20230813_1080,mask_directory_20230813_1080
train,image_directory_20230813_1081,mask_directory_20230813_1081
train,image_directory_20230813_1082,mask_directory_20230813_1082
train,image_directory_20230813_1083,mask_directory_20230813_1083
train,image_directory_20230813_1084,mask_directory_20230813_1084
train,image_directory_20230813_1085,mask_directory_20230813_1085
train,image_directory_20230813_1086,mask_directory_20230813_1086
train,image_directory_20230813_1087,mask_directory_20230813_1087
train,image_directory_20230813_1088,mask_directory_20230813_1088
train,image_directory_20230813_1089,mask_directory_20230813_1089
train,image_directory_20230813_109,mask_directory_20230813_109
train,image_directory_20230813_1090,mask_directory_20230813_1090
train,image_directory_20230813_1091,mask_directory_20230813_1091
train,image_directory_20230813_1092,mask_directory_20230813_1092
train,image_directory_20230813_1093,mask_directory_20230813_1093
train,image_directory_20230813_1094,mask_directory_20230813_1094
train,image_directory_20230813_1095,mask_directory_20230813_1095
train,image_directory_20230813_1096,mask_directory_20230813_1096
train,image_directory_20230813_1097,mask_directory_20230813_1097
train,image_directory_20230813_1098,mask_directory_20230813_1098
train,image_directory_20230813_1099,mask_directory_20230813_1099
train,image_directory_20230813_110,mask_directory_20230813_110
train,image_directory_20230813_1100,mask_directory_20230813_1100
train,image_directory_20230813_1101,mask_directory_20230813_1101
train,image_directory_20230813_1102,mask_directory_20230813_1102
train,image_directory_20230813_1103,mask_directory_20230813_1103
train,image_directory_20230813_1104,mask_directory_20230813_1104
train,image_directory_20230813_1105,mask_directory_20230813_1105
train,image_directory_20230813_1106,mask_directory_20230813_1106
train,image_directory_20230813_1107,mask_directory_20230813_1107
train,image_directory_20230813_1108,mask_directory_20230813_1108
train,image_directory_20230813_1109,mask_directory_20230813_1109
train,image_directory_20230813_111,mask_directory_20230813_111
train,image_directory_20230813_1110,mask_directory_20230813_1110
train,image_directory_20230813_1111,mask_directory_20230813_1111
train,image_directory_20230813_1112,mask_directory_20230813_1112
train,image_directory_20230813_1113,mask_directory_20230813_1113
train,image_directory_20230813_1114,mask_directory_20230813_1114
train,image_directory_20230813_1115,mask_directory_20230813_1115
train,image_directory_20230813_1116,mask_directory_20230813_1116
train,image_directory_20230813_1117,mask_directory_20230813_1117
train,image_directory_20230813_1118,mask_directory_20230813_1118
train,image_directory_20230813_1119,mask_directory_20230813_1119
train,image_directory_20230813_112,mask_directory_20230813_112
train,image_directory_20230813_1120,mask_directory_20230813_1120
train,image_directory_20230813_1121,mask_directory_20230813_1121
train,image_directory_20230813_1122,mask_directory_20230813_1122
train,image_directory_20230813_1123,mask_directory_20230813_1123
train,image_directory_20230813_1124,mask_directory_20230813_1124
train,image_directory_20230813_1125,mask_directory_20230813_1125
train,image_directory_20230813_1126,mask_directory_20230813_1126
train,image_directory_20230813_1127,mask_directory_20230813_1127
train,image_directory_20230813_1128,mask_directory_20230813_1128
train,image_directory_20230813_1129,mask_directory_20230813_1129
train,image_directory_20230813_113,mask_directory_20230813_113
train,image_directory_20230813_1130,mask_directory_20230813_1130
train,image_directory_20230813_1131,mask_directory_20230813_1131
train,image_directory_20230813_1132,mask_directory_20230813_1132
train,image_directory_20230813_1133,mask_directory_20230813_1133
train,image_directory_20230813_1134,mask_directory_20230813_1134
train,image_directory_20230813_1135,mask_directory_20230813_1135
train,image_directory_20230813_1136,mask_directory_20230813_1136
train,image_directory_20230813_1137,mask_directory_20230813_1137
train,image_directory_20230813_1138,mask_directory_20230813_1138
train,image_directory_20230813_1139,mask_directory_20230813_1139
train,image_directory_20230813_114,mask_directory_20230813_114
train,image_directory_20230813_1140,mask_directory_20230813_1140
train,image_directory_20230813_1141,mask_directory_20230813_1141
train,image_directory_20230813_1142,mask_directory_20230813_1142
train,image_directory_20230813_1143,mask_directory_20230813_1143
train,image_directory_20230813_1144,mask_directory_20230813_1144
train,image_directory_20230813_1145,mask_directory_20230813_1145
train,image_directory_20230813_1146,mask_directory_20230813_1146
train,image_directory_20230813_1147,mask_directory_20230813_1147
train,image_directory_20230813_1148,mask_directory_20230813_1148
train,image_directory_20230813_1149,mask_directory_20230813_1149
train,image_directory_20230813_115,mask_directory_20230813_115
train,image_directory_20230813_1150,mask_directory_20230813_1150
train,image_directory_20230813_1151,mask_directory_20230813_1151
train,image_directory_20230813_1152,mask_directory_20230813_1152
train,image_directory_20230813_1153,mask_directory_20230813_1153
train,image_directory_20230813_1154,mask_directory_20230813_1154
train,image_directory_20230813_1155,mask_directory_20230813_1155
train,image_directory_20230813_1156,mask_directory_20230813_1156
train,image_directory_20230813_1157,mask_directory_20230813_1157
train,image_directory_20230813_1158,mask_directory_20230813_1158
train,image_directory_20230813_1159,mask_directory_20230813_1159
train,image_directory_20230813_116,mask_directory_20230813_116
train,image_directory_20230813_1160,mask_directory_20230813_1160
train,image_directory_20230813_1161,mask_directory_20230813_1161
train,image_directory_20230813_1162,mask_directory_20230813_1162
train,image_directory_20230813_1163,mask_directory_20230813_1163
train,image_directory_20230813_1164,mask_directory_20230813_1164
train,image_directory_20230813_1165,mask_directory_20230813_1165
train,image_directory_20230813_1166,mask_directory_20230813_1166
train,image_directory_20230813_1167,mask_directory_20230813_1167
train,image_directory_20230813_1168,mask_directory_20230813_1168
train,image_directory_20230813_1169,mask_directory_20230813_1169
train,image_directory_20230813_117,mask_directory_20230813_117
train,image_directory_20230813_1170,mask_directory_20230813_1170
train,image_directory_20230813_1171,mask_directory_20230813_1171
train,image_directory_20230813_1172,mask_directory_20230813_1172
train,image_directory_20230813_1173,mask_directory_20230813_1173
train,image_directory_20230813_1174,mask_directory_20230813_1174
train,image_directory_20230813_1175,mask_directory_20230813_1175
train,image_directory_20230813_1176,mask_directory_20230813_1176
train,image_directory_20230813_1177,mask_directory_20230813_1177
train,image_directory_20230813_1178,mask_directory_20230813_1178
train,image_directory_20230813_1179,mask_directory_20230813_1179
train,image_directory_20230813_118,mask_directory_20230813_118
train,image_directory_20230813_1180,mask_directory_20230813_1180
train,image_directory_20230813_1181,mask_directory_20230813_1181
train,image_directory_20230813_1182,mask_directory_20230813_1182
train,image_directory_20230813_1183,mask_directory_20230813_1183
train,image_directory_20230813_1184,mask_directory_20230813_1184
train,image_directory_20230813_1185,mask_directory_20230813_1185
train,image_directory_20230813_1186,mask_directory_20230813_1186
train,image_directory_20230813_1187,mask_directory_20230813_1187
train,image_directory_20230813_1188,mask_directory_20230813_1188
train,image_directory_20230813_1189,mask_directory_20230813_1189
train,image_directory_20230813_119,mask_directory_20230813_119
train,image_directory_20230813_1190,mask_directory_20230813_1190
train,image_directory_20230813_1191,mask_directory_20230813_1191
train,image_directory_20230813_1192,mask_directory_20230813_1192
train,image_directory_20230813_1193,mask_directory_20230813_1193
train,image_directory_20230813_1194,mask_directory_20230813_1194
train,image_directory_20230813_1195,mask_directory_20230813_1195
train,image_directory_20230813_1196,mask_directory_20230813_1196
train,image_directory_20230813_1197,mask_directory_20230813_1197
train,image_directory_20230813_1198,mask_directory_20230813_1198
train,image_directory_20230813_1199,mask_directory_20230813_1199
train,image_directory_20230813_120,mask_directory_20230813_120
train,image_directory_20230813_1200,mask_directory_20230813_1200
train,image_directory_20230813_1201,mask_directory_20230813_1201
train,image_directory_20230813_1202,mask_directory_20230813_1202
train,image_directory_20230813_1203,mask_directory_20230813_1203
train,image_directory_20230813_1204,mask_directory_20230813_1204
train,image_directory_20230813_1205,mask_directory_20230813_1205
train,image_directory_20230813_1206,mask_directory_20230813_1206
train,image_directory_20230813_1207,mask_directory_20230813_1207
train,image_directory_20230813_1208,mask_directory_20230813_1208
train,image_directory_20230813_1209,mask_directory_20230813_1209
train,image_directory_20230813_121,mask_directory_20230813_121
train,image_directory_20230813_1210,mask_directory_20230813_1210
train,image_directory_20230813_1211,mask_directory_20230813_1211
train,image_directory_20230813_1212,mask_directory_20230813_1212
train,image_directory_20230813_1213,mask_directory_20230813_1213
train,image_directory_20230813_1214,mask_directory_20230813_1214
train,image_directory_20230813_1215,mask_directory_20230813_1215
train,image_directory_20230813_1216,mask_directory_20230813_1216
train,image_directory_20230813_1217,mask_directory_20230813_1217
train,image_directory_20230813_1218,mask_directory_20230813_1218
train,image_directory_20230813_1219,mask_directory_20230813_1219
train,image_directory_20230813_122,mask_directory_20230813_122
train,image_directory_20230813_1220,mask_directory_20230813_1220
train,image_directory_20230813_1221,mask_directory_20230813_1221
train,image_directory_20230813_123,mask_directory_20230813_123
train,image_directory_20230813_124,mask_directory_20230813_124
train,image_directory_20230813_125,mask_directory_20230813_125
train,image_directory_20230813_126,mask_directory_20230813_126
train,image_directory_20230813_127,mask_directory_20230813_127
train,image_directory_20230813_128,mask_directory_20230813_128
train,image_directory_20230813_129,mask_directory_20230813_129
train,image_directory_20230813_130,mask_directory_20230813_130
train,image_directory_20230813_131,mask_directory_20230813_131
train,image_directory_20230813_132,mask_directory_20230813_132
train,image_directory_20230813_133,mask_directory_20230813_133
train,image_directory_20230813_134,mask_directory_20230813_134
train,image_directory_20230813_81,mask_directory_20230813_81
train,image_directory_20230813_82,mask_directory_20230813_82
train,image_directory_20230813_83,mask_directory_20230813_83
train,image_directory_20230813_84,mask_directory_20230813_84
train,image_directory_20230813_85,mask_directory_20230813_85
train,image_directory_20230813_86,mask_directory_20230813_86
train,image_directory_20230813_87,mask_directory_20230813_87
train,image_directory_20230813_88,mask_directory_20230813_88
train,image_directory_20230813_89,mask_directory_20230813_89
train,image_directory_20230813_90,mask_directory_20230813_90
train,image_directory_20230813_91,mask_directory_20230813_91
train,image_directory_20230813_92,mask_directory_20230813_92
train,image_directory_20230813_93,mask_directory_20230813_93
train,image_directory_20230813_94,mask_directory_20230813_94
train,image_directory_20230813_95,mask_directory_20230813_95
train,image_directory_20230813_96,mask_directory_20230813_96
train,image_directory_20230813_97,mask_directory_20230813_97
train,image_directory_20230813_98,mask_directory_20230813_98
train,image_directory_20230813_99,mask_directory_20230813_99
train,image_directory_20230815_1222,mask_directory_20230815_1222
train,image_directory_20230815_1223,mask_directory_20230815_1223
train,image_directory_20230815_1224,mask_directory_20230815_1224
train,image_directory_20230815_1225,mask_directory_20230815_1225
train,image_directory_20230815_1226,mask_directory_20230815_1226
train,image_directory_20230815_1227,mask_directory_20230815_1227
train,image_directory_20230815_1228,mask_directory_20230815_1228
train,image_directory_20230815_1229,mask_directory_20230815_1229
train,image_directory_20230815_1230,mask_directory_20230815_1230
train,image_directory_20230815_1231,mask_directory_20230815_1231
train,image_directory_20230815_1232,mask_directory_20230815_1232
train,image_directory_20230815_1233,mask_directory_20230815_1233
train,image_directory_20230815_1234,mask_directory_20230815_1234
train,image_directory_20230815_1235,mask_directory_20230815_1235
train,image_directory_20230815_1236,mask_directory_20230815_1236
train,image_directory_20230815_1237,mask_directory_20230815_1237
train,image_directory_20230815_1238,mask_directory_20230815_1238
train,image_directory_20230815_1239,mask_directory_20230815_1239
train,image_directory_20230815_1240,mask_directory_20230815_1240
train,image_directory_20230815_1241,mask_directory_20230815_1241
train,image_directory_20230815_1242,mask_directory_20230815_1242
train,image_directory_20230815_1243,mask_directory_20230815_1243
train,image_directory_20230815_1244,mask_directory_20230815_1244
train,image_directory_20230815_1245,mask_directory_20230815_1245
train,image_directory_20230815_1246,mask_directory_20230815_1246
train,image_directory_20230815_1247,mask_directory_20230815_1247
train,image_directory_20230815_1248,mask_directory_20230815_1248
train,image_directory_20230815_1249,mask_directory_20230815_1249
train,image_directory_20230815_1250,mask_directory_20230815_1250
train,image_directory_20230815_1251,mask_directory_20230815_1251
train,image_directory_20230815_1252,mask_directory_20230815_1252
train,image_directory_20230815_1253,mask_directory_20230815_1253
train,image_directory_20230815_1254,mask_directory_20230815_1254
train,image_directory_20230815_1255,mask_directory_20230815_1255
train,image_directory_20230815_1256,mask_directory_20230815_1256
train,image_directory_20230815_1257,mask_directory_20230815_1257
train,image_directory_20230815_1258,mask_directory_20230815_1258
train,image_directory_20230815_1259,mask_directory_20230815_1259
train,image_directory_20230815_1260,mask_directory_20230815_1260
train,image_directory_20230815_1261,mask_directory_20230815_1261
train,image_directory_20230815_1262,mask_directory_20230815_1262
train,image_directory_20230815_1263,mask_directory_20230815_1263
train,image_directory_20230815_1264,mask_directory_20230815_1264
train,image_directory_20230815_1265,mask_directory_20230815_1265
train,image_directory_20230815_1266,mask_directory_20230815_1266
train,image_directory_20230815_1267,mask_directory_20230815_1267
train,image_directory_20230815_1268,mask_directory_20230815_1268
train,image_directory_20230815_1269,mask_directory_20230815_1269
train,image_directory_20230815_1270,mask_directory_20230815_1270
train,image_directory_20230815_1271,mask_directory_20230815_1271
train,image_directory_20230815_1272,mask_directory_20230815_1272
train,image_directory_20230815_1273,mask_directory_20230815_1273
train,image_directory_20230815_1274,mask_directory_20230815_1274
train,image_directory_20230815_1275,mask_directory_20230815_1275
train,image_directory_20230815_135,mask_directory_20230815_135
train,image_directory_20230815_136,mask_directory_20230815_136
train,image_directory_20230815_137,mask_directory_20230815_137
train,image_directory_20230815_138,mask_directory_20230815_138
train,image_directory_20230815_139,mask_directory_20230815_139
train,image_directory_20230815_140,mask_directory_20230815_140
train,image_directory_20230815_141,mask_directory_20230815_141
train,image_directory_20230815_142,mask_directory_20230815_142
train,image_directory_20230815_143,mask_directory_20230815_143
train,image_directory_20230815_144,mask_directory_20230815_144
train,image_directory_20230815_145,mask_directory_20230815_145
train,image_directory_20230815_146,mask_directory_20230815_146
train,image_directory_20230815_147,mask_directory_20230815_147
train,image_directory_20230815_148,mask_directory_20230815_148
train,image_directory_20230815_149,mask_directory_20230815_149
train,image_directory_20230815_150,mask_directory_20230815_150
train,image_directory_20230815_151,mask_directory_20230815_151
train,image_directory_20230815_152,mask_directory_20230815_152
train,image_directory_20230815_153,mask_directory_20230815_153
train,image_directory_20230815_154,mask_directory_20230815_154
train,image_directory_20230815_155,mask_directory_20230815_155
train,image_directory_20230815_156,mask_directory_20230815_156
train,image_directory_20230815_157,mask_directory_20230815_157
train,image_directory_20230815_158,mask_directory_20230815_158
train,image_directory_20230815_159,mask_directory_20230815_159
train,image_directory_20230815_160,mask_directory_20230815_160
train,image_directory_20230815_161,mask_directory_20230815_161
train,image_directory_20230815_162,mask_directory_20230815_162
train,image_directory_20230815_163,mask_directory_20230815_163
train,image_directory_20230815_164,mask_directory_20230815_164
train,image_directory_20230815_165,mask_directory_20230815_165
train,image_directory_20230815_166,mask_directory_20230815_166
train,image_directory_20230815_167,mask_directory_20230815_167
train,image_directory_20230815_168,mask_directory_20230815_168
train,image_directory_20230815_169,mask_directory_20230815_169
train,image_directory_20230815_170,mask_directory_20230815_170
train,image_directory_20230815_171,mask_directory_20230815_171
train,image_directory_20230815_172,mask_directory_20230815_172
train,image_directory_20230815_173,mask_directory_20230815_173
train,image_directory_20230815_174,mask_directory_20230815_174
train,image_directory_20230815_175,mask_directory_20230815_175
train,image_directory_20230815_176,mask_directory_20230815_176
train,image_directory_20230815_177,mask_directory_20230815_177
train,image_directory_20230815_178,mask_directory_20230815_178
train,image_directory_20230815_179,mask_directory_20230815_179
train,image_directory_20230815_180,mask_directory_20230815_180
train,image_directory_20230815_181,mask_directory_20230815_181
train,image_directory_20230815_698,mask_directory_20230815_698
train,image_directory_20230815_699,mask_directory_20230815_699
train,image_directory_20230815_700,mask_directory_20230815_700
train,image_directory_20230815_701,mask_directory_20230815_701
train,image_directory_20230815_702,mask_directory_20230815_702
train,image_directory_20230815_703,mask_directory_20230815_703
train,image_directory_20230815_704,mask_directory_20230815_704
train,image_directory_20230815_705,mask_directory_20230815_705
train,image_directory_20230815_706,mask_directory_20230815_706
train,image_directory_20230815_707,mask_directory_20230815_707
train,image_directory_20230815_708,mask_directory_20230815_708
train,image_directory_20230815_709,mask_directory_20230815_709
train,image_directory_20230816_182,mask_directory_20230816_182
train,image_directory_20230816_183,mask_directory_20230816_183
train,image_directory_20230816_184,mask_directory_20230816_184
train,image_directory_20230816_185,mask_directory_20230816_185
train,image_directory_20230816_186,mask_directory_20230816_186
train,image_directory_20230816_187,mask_directory_20230816_187
train,image_directory_20230816_188,mask_directory_20230816_188
train,image_directory_20230816_189,mask_directory_20230816_189
train,image_directory_20230816_190,mask_directory_20230816_190
train,image_directory_20230816_191,mask_directory_20230816_191
train,image_directory_20230816_192,mask_directory_20230816_192
train,image_directory_20230816_193,mask_directory_20230816_193
train,image_directory_20230816_194,mask_directory_20230816_194
train,image_directory_20230816_195,mask_directory_20230816_195
train,image_directory_20230816_196,mask_directory_20230816_196
train,image_directory_20230816_197,mask_directory_20230816_197
train,image_directory_20230816_198,mask_directory_20230816_198
train,image_directory_20230816_199,mask_directory_20230816_199
train,image_directory_20230816_200,mask_directory_20230816_200
train,image_directory_20230816_201,mask_directory_20230816_201
train,image_directory_20230816_202,mask_directory_20230816_202
train,image_directory_20230816_203,mask_directory_20230816_203
train,image_directory_20230816_204,mask_directory_20230816_204
train,image_directory_20230816_205,mask_directory_20230816_205
train,image_directory_20230816_206,mask_directory_20230816_206
train,image_directory_20230816_207,mask_directory_20230816_207
train,image_directory_20230816_208,mask_directory_20230816_208
train,image_directory_20230816_209,mask_directory_20230816_209
train,image_directory_20230816_210,mask_directory_20230816_210
train,image_directory_20230816_211,mask_directory_20230816_211
train,image_directory_20230816_212,mask_directory_20230816_212
train,image_directory_20230816_213,mask_directory_20230816_213
train,image_directory_20230816_214,mask_directory_20230816_214
train,image_directory_20230816_215,mask_directory_20230816_215
train,image_directory_20230816_216,mask_directory_20230816_216
train,image_directory_20230816_217,mask_directory_20230816_217
train,image_directory_20230816_218,mask_directory_20230816_218
train,image_directory_20230816_219,mask_directory_20230816_219
train,image_directory_20230816_220,mask_directory_20230816_220
train,image_directory_20230816_221,mask_directory_20230816_221
train,image_directory_20230816_222,mask_directory_20230816_222
train,image_directory_20230816_223,mask_directory_20230816_223
train,image_directory_20230816_224,mask_directory_20230816_224
train,image_directory_20230816_225,mask_directory_20230816_225
train,image_directory_20230816_226,mask_directory_20230816_226
train,image_directory_20230816_227,mask_directory_20230816_227
train,image_directory_20230816_228,mask_directory_20230816_228
train,image_directory_20230816_229,mask_directory_20230816_229
train,image_directory_20230816_230,mask_directory_20230816_230
train,image_directory_20230816_231,mask_directory_20230816_231
train,image_directory_20230816_232,mask_directory_20230816_232
train,image_directory_20230816_233,mask_directory_20230816_233
train,image_directory_20230816_234,mask_directory_20230816_234
train,image_directory_20230816_235,mask_directory_20230816_235
train,image_directory_20230816_236,mask_directory_20230816_236
train,image_directory_20230816_237,mask_directory_20230816_237
train,image_directory_20230816_238,mask_directory_20230816_238
train,image_directory_20230816_239,mask_directory_20230816_239
train,image_directory_20230816_240,mask_directory_20230816_240
train,image_directory_20230816_241,mask_directory_20230816_241
train,image_directory_20230816_242,mask_directory_20230816_242
train,image_directory_20230816_243,mask_directory_20230816_243
train,image_directory_20230816_244,mask_directory_20230816_244
train,image_directory_20230816_245,mask_directory_20230816_245
train,image_directory_20230816_246,mask_directory_20230816_246
train,image_directory_20230816_247,mask_directory_20230816_247
train,image_directory_20230816_248,mask_directory_20230816_248
train,image_directory_20230816_249,mask_directory_20230816_249
train,image_directory_20230816_250,mask_directory_20230816_250
train,image_directory_20230816_251,mask_directory_20230816_251
train,image_directory_20230816_252,mask_directory_20230816_252
train,image_directory_20230816_253,mask_directory_20230816_253
train,image_directory_20230816_254,mask_directory_20230816_254
train,image_directory_20230816_255,mask_directory_20230816_255
train,image_directory_20230816_256,mask_directory_20230816_256
train,image_directory_20230816_257,mask_directory_20230816_257
train,image_directory_20230816_258,mask_directory_20230816_258
train,image_directory_20230816_259,mask_directory_20230816_259
train,image_directory_20230816_260,mask_directory_20230816_260
train,image_directory_20230816_261,mask_directory_20230816_261
train,image_directory_20230816_262,mask_directory_20230816_262
train,image_directory_20230816_263,mask_directory_20230816_263
train,image_directory_20230816_264,mask_directory_20230816_264
train,image_directory_20230816_265,mask_directory_20230816_265
train,image_directory_20230816_266,mask_directory_20230816_266
train,image_directory_20230816_267,mask_directory_20230816_267
train,image_directory_20230816_268,mask_directory_20230816_268
train,image_directory_20230816_269,mask_directory_20230816_269
train,image_directory_20230816_270,mask_directory_20230816_270
train,image_directory_20230816_271,mask_directory_20230816_271
train,image_directory_20230816_272,mask_directory_20230816_272
train,image_directory_20230816_273,mask_directory_20230816_273
train,image_directory_20230816_274,mask_directory_20230816_274
train,image_directory_20230816_275,mask_directory_20230816_275
train,image_directory_20230816_276,mask_directory_20230816_276
train,image_directory_20230816_277,mask_directory_20230816_277
train,image_directory_20230816_278,mask_directory_20230816_278
train,image_directory_20230816_279,mask_directory_20230816_279
train,image_directory_20230816_280,mask_directory_20230816_280
train,image_directory_20230816_281,mask_directory_20230816_281
train,image_directory_20230816_282,mask_directory_20230816_282
train,image_directory_20230816_283,mask_directory_20230816_283
train,image_directory_20230816_284,mask_directory_20230816_284
train,image_directory_20230816_285,mask_directory_20230816_285
train,image_directory_20230816_286,mask_directory_20230816_286
train,image_directory_20230816_287,mask_directory_20230816_287
train,image_directory_20230816_288,mask_directory_20230816_288
train,image_directory_20230816_289,mask_directory_20230816_289
train,image_directory_20230816_290,mask_directory_20230816_290
train,image_directory_20230816_291,mask_directory_20230816_291
train,image_directory_20230816_292,mask_directory_20230816_292
train,image_directory_20230816_293,mask_directory_20230816_293
train,image_directory_20230816_294,mask_directory_20230816_294
train,image_directory_20230816_295,mask_directory_20230816_295
train,image_directory_20230816_296,mask_directory_20230816_296
train,image_directory_20230816_297,mask_directory_20230816_297
train,image_directory_20230816_298,mask_directory_20230816_298
train,image_directory_20230816_299,mask_directory_20230816_299
train,image_directory_20230816_300,mask_directory_20230816_300
train,image_directory_20230816_301,mask_directory_20230816_301
train,image_directory_20230816_302,mask_directory_20230816_302
train,image_directory_20230820_563,mask_directory_20230820_563
train,image_directory_20230820_564,mask_directory_20230820_564
train,image_directory_20230820_565,mask_directory_20230820_565
train,image_directory_20230820_566,mask_directory_20230820_566
train,image_directory_20230820_567,mask_directory_20230820_567
train,image_directory_20230820_568,mask_directory_20230820_568
train,image_directory_20230820_569,mask_directory_20230820_569
train,image_directory_20230820_570,mask_directory_20230820_570
train,image_directory_20230820_571,mask_directory_20230820_571
train,image_directory_20230820_572,mask_directory_20230820_572
train,image_directory_20230820_573,mask_directory_20230820_573
train,image_directory_20230820_574,mask_directory_20230820_574
train,image_directory_20230820_575,mask_directory_20230820_575
train,image_directory_20230820_576,mask_directory_20230820_576
train,image_directory_20230820_577,mask_directory_20230820_577
train,image_directory_20230820_578,mask_directory_20230820_578
train,image_directory_20230820_579,mask_directory_20230820_579
train,image_directory_20230820_580,mask_directory_20230820_580
train,image_directory_20230820_581,mask_directory_20230820_581
train,image_directory_20230820_582,mask_directory_20230820_582
train,image_directory_20230820_583,mask_directory_20230820_583
train,image_directory_20230820_584,mask_directory_20230820_584
train,image_directory_20230820_585,mask_directory_20230820_585
train,image_directory_20230820_586,mask_directory_20230820_586
train,image_directory_20230820_587,mask_directory_20230820_587
train,image_directory_20230820_588,mask_directory_20230820_588
train,image_directory_20230820_589,mask_directory_20230820_589
train,image_directory_20230820_590,mask_directory_20230820_590
train,image_directory_20230820_591,mask_directory_20230820_591
train,image_directory_20230820_592,mask_directory_20230820_592
train,image_directory_20230820_593,mask_directory_20230820_593
train,image_directory_20230820_594,mask_directory_20230820_594
train,image_directory_20230820_595,mask_directory_20230820_595
train,image_directory_20230820_596,mask_directory_20230820_596
train,image_directory_20230820_597,mask_directory_20230820_597
train,image_directory_20230820_598,mask_directory_20230820_598
train,image_directory_20230820_599,mask_directory_20230820_599
train,image_directory_20230820_600,mask_directory_20230820_600
train,image_directory_20230820_601,mask_directory_20230820_601
train,image_directory_20230820_602,mask_directory_20230820_602
train,image_directory_20230820_603,mask_directory_20230820_603
train,image_directory_20230820_604,mask_directory_20230820_604
train,image_directory_20230820_605,mask_directory_20230820_605
train,image_directory_20230820_606,mask_directory_20230820_606
train,image_directory_20230820_607,mask_directory_20230820_607
train,image_directory_20230820_608,mask_directory_20230820_608
train,image_directory_20230820_609,mask_directory_20230820_609
train,image_directory_20230820_610,mask_directory_20230820_610
train,image_directory_20230820_611,mask_directory_20230820_611
train,image_directory_20230820_612,mask_directory_20230820_612
train,image_directory_20230820_613,mask_directory_20230820_613
train,image_directory_20230820_614,mask_directory_20230820_614
train,image_directory_20230820_615,mask_directory_20230820_615
train,image_directory_20230820_616,mask_directory_20230820_616
train,image_directory_20230820_617,mask_directory_20230820_617
train,image_directory_20230820_618,mask_directory_20230820_618
train,image_directory_20230820_619,mask_directory_20230820_619
train,image_directory_20230820_620,mask_directory_20230820_620
train,image_directory_20230820_621,mask_directory_20230820_621
train,image_directory_20230820_622,mask_directory_20230820_622
train,image_directory_20230820_623,mask_directory_20230820_623
train,image_directory_20230820_624,mask_directory_20230820_624
train,image_directory_20230820_625,mask_directory_20230820_625
train,image_directory_20230820_626,mask_directory_20230820_626
train,image_directory_20230820_627,mask_directory_20230820_627
train,image_directory_20230820_628,mask_directory_20230820_628
train,image_directory_20230820_629,mask_directory_20230820_629
train,image_directory_20230820_630,mask_directory_20230820_630
train,image_directory_20230820_631,mask_directory_20230820_631
train,image_directory_20230820_632,mask_directory_20230820_632
train,image_directory_20230820_633,mask_directory_20230820_633
train,image_directory_20230820_634,mask_directory_20230820_634
train,image_directory_20230820_635,mask_directory_20230820_635
train,image_directory_20230820_636,mask_directory_20230820_636
train,image_directory_20230820_637,mask_directory_20230820_637
train,image_directory_20230820_638,mask_directory_20230820_638
train,image_directory_20230820_639,mask_directory_20230820_639
train,image_directory_20230820_640,mask_directory_20230820_640
train,image_directory_20230820_641,mask_directory_20230820_641
train,image_directory_20230820_642,mask_directory_20230820_642
train,image_directory_20230820_643,mask_directory_20230820_643
train,image_directory_20230820_644,mask_directory_20230820_644
train,image_directory_20230820_645,mask_directory_20230820_645
train,image_directory_20230820_646,mask_directory_20230820_646
train,image_directory_20230820_647,mask_directory_20230820_647
train,image_directory_20230820_648,mask_directory_20230820_648
train,image_directory_20230820_649,mask_directory_20230820_649
train,image_directory_20230820_650,mask_directory_20230820_650
train,image_directory_20230820_651,mask_directory_20230820_651
train,image_directory_20230820_652,mask_directory_20230820_652
train,image_directory_20230820_653,mask_directory_20230820_653
train,image_directory_20230820_654,mask_directory_20230820_654
train,image_directory_20230820_655,mask_directory_20230820_655
train,image_directory_20230820_656,mask_directory_20230820_656
train,image_directory_20230820_657,mask_directory_20230820_657
train,image_directory_20230820_658,mask_directory_20230820_658
train,image_directory_20230820_659,mask_directory_20230820_659
train,image_directory_20230820_660,mask_directory_20230820_660
train,image_directory_20230820_661,mask_directory_20230820_661
train,image_directory_20230820_662,mask_directory_20230820_662
train,image_directory_20230820_663,mask_directory_20230820_663
train,image_directory_20230820_664,mask_directory_20230820_664
train,image_directory_20230820_665,mask_directory_20230820_665
train,image_directory_20230820_666,mask_directory_20230820_666
train,image_directory_20230820_667,mask_directory_20230820_667
train,image_directory_20230820_668,mask_directory_20230820_668
train,image_directory_20230820_669,mask_directory_20230820_669
train,image_directory_20230820_670,mask_directory_20230820_670
train,image_directory_20230820_671,mask_directory_20230820_671
train,image_directory_20230820_672,mask_directory_20230820_672
train,image_directory_20230820_673,mask_directory_20230820_673
train,image_directory_20230820_674,mask_directory_20230820_674
train,image_directory_20230820_675,mask_directory_20230820_675
train,image_directory_20230820_676,mask_directory_20230820_676
train,image_directory_20230820_677,mask_directory_20230820_677
train,image_directory_20230820_678,mask_directory_20230820_678
train,image_directory_20230820_679,mask_directory_20230820_679
train,image_directory_20230820_680,mask_directory_20230820_680
train,image_directory_20230820_681,mask_directory_20230820_681
train,image_directory_20230820_682,mask_directory_20230820_682
train,image_directory_20230820_683,mask_directory_20230820_683
train,image_directory_20230820_684,mask_directory_20230820_684
train,image_directory_20230820_685,mask_directory_20230820_685
train,image_directory_20230820_686,mask_directory_20230820_686
train,image_directory_20230820_687,mask_directory_20230820_687
train,image_directory_20230820_688,mask_directory_20230820_688
train,image_directory_20230820_689,mask_directory_20230820_689
train,image_directory_20230820_690,mask_directory_20230820_690
train,image_directory_20230820_691,mask_directory_20230820_691
train,image_directory_20230820_692,mask_directory_20230820_692
train,image_directory_20230820_693,mask_directory_20230820_693
train,image_directory_20230820_694,mask_directory_20230820_694
train,image_directory_20230820_695,mask_directory_20230820_695
train,image_directory_20230820_696,mask_directory_20230820_696
train,image_directory_20230820_697,mask_directory_20230820_697
train,image_directory_20230828_0,mask_directory_20230828_0
train,image_directory_20230828_1,mask_directory_20230828_1
train,image_directory_20230828_10,mask_directory_20230828_10
train,image_directory_20230828_1000,mask_directory_20230828_1000
train,image_directory_20230828_1001,mask_directory_20230828_1001
train,image_directory_20230828_1002,mask_directory_20230828_1002
train,image_directory_20230828_1003,mask_directory_20230828_1003
train,image_directory_20230828_1004,mask_directory_20230828_1004
train,image_directory_20230828_1005,mask_directory_20230828_1005
train,image_directory_20230828_1006,mask_directory_20230828_1006
train,image_directory_20230828_1007,mask_directory_20230828_1007
train,image_directory_20230828_1008,mask_directory_20230828_1008
train,image_directory_20230828_1009,mask_directory_20230828_1009
train,image_directory_20230828_1010,mask_directory_20230828_1010
train,image_directory_20230828_1011,mask_directory_20230828_1011
train,image_directory_20230828_1012,mask_directory_20230828_1012
train,image_directory_20230828_1013,mask_directory_20230828_1013
train,image_directory_20230828_1014,mask_directory_20230828_1014
train,image_directory_20230828_1015,mask_directory_20230828_1015
train,image_directory_20230828_1016,mask_directory_20230828_1016
train,image_directory_20230828_1017,mask_directory_20230828_1017
train,image_directory_20230828_1018,mask_directory_20230828_1018
train,image_directory_20230828_1019,mask_directory_20230828_1019
train,image_directory_20230828_1020,mask_directory_20230828_1020
train,image_directory_20230828_1021,mask_directory_20230828_1021
train,image_directory_20230828_1022,mask_directory_20230828_1022
train,image_directory_20230828_1023,mask_directory_20230828_1023
train,image_directory_20230828_1024,mask_directory_20230828_1024
train,image_directory_20230828_1025,mask_directory_20230828_1025
train,image_directory_20230828_1026,mask_directory_20230828_1026
train,image_directory_20230828_1027,mask_directory_20230828_1027
train,image_directory_20230828_1028,mask_directory_20230828_1028
train,image_directory_20230828_1029,mask_directory_20230828_1029
train,image_directory_20230828_1030,mask_directory_20230828_1030
train,image_directory_20230828_1031,mask_directory_20230828_1031
train,image_directory_20230828_1032,mask_directory_20230828_1032
train,image_directory_20230828_1033,mask_directory_20230828_1033
train,image_directory_20230828_1034,mask_directory_20230828_1034
train,image_directory_20230828_1035,mask_directory_20230828_1035
train,image_directory_20230828_1036,mask_directory_20230828_1036
train,image_directory_20230828_1037,mask_directory_20230828_1037
train,image_directory_20230828_1038,mask_directory_20230828_1038
train,image_directory_20230828_1039,mask_directory_20230828_1039
train,image_directory_20230828_1040,mask_directory_20230828_1040
train,image_directory_20230828_1041,mask_directory_20230828_1041
train,image_directory_20230828_1042,mask_directory_20230828_1042
train,image_directory_20230828_1043,mask_directory_20230828_1043
train,image_directory_20230828_1044,mask_directory_20230828_1044
train,image_directory_20230828_1045,mask_directory_20230828_1045
train,image_directory_20230828_1046,mask_directory_20230828_1046
train,image_directory_20230828_1047,mask_directory_20230828_1047
train,image_directory_20230828_1048,mask_directory_20230828_1048
train,image_directory_20230828_1049,mask_directory_20230828_1049
train,image_directory_20230828_1050,mask_directory_20230828_1050
train,image_directory_20230828_1051,mask_directory_20230828_1051
train,image_directory_20230828_1052,mask_directory_20230828_1052
train,image_directory_20230828_1053,mask_directory_20230828_1053
train,image_directory_20230828_1054,mask_directory_20230828_1054
train,image_directory_20230828_1055,mask_directory_20230828_1055
train,image_directory_20230828_1056,mask_directory_20230828_1056
train,image_directory_20230828_1057,mask_directory_20230828_1057
train,image_directory_20230828_1058,mask_directory_20230828_1058
train,image_directory_20230828_1059,mask_directory_20230828_1059
train,image_directory_20230828_1060,mask_directory_20230828_1060
train,image_directory_20230828_1061,mask_directory_20230828_1061
train,image_directory_20230828_1062,mask_directory_20230828_1062
train,image_directory_20230828_1063,mask_directory_20230828_1063
train,image_directory_20230828_11,mask_directory_20230828_11
train,image_directory_20230828_12,mask_directory_20230828_12
train,image_directory_20230828_13,mask_directory_20230828_13
train,image_directory_20230828_14,mask_directory_20230828_14
train,image_directory_20230828_15,mask_directory_20230828_15
train,image_directory_20230828_16,mask_directory_20230828_16
train,image_directory_20230828_17,mask_directory_20230828_17
train,image_directory_20230828_18,mask_directory_20230828_18
train,image_directory_20230828_19,mask_directory_20230828_19
train,image_directory_20230828_2,mask_directory_20230828_2
train,image_directory_20230828_20,mask_directory_20230828_20
train,image_directory_20230828_21,mask_directory_20230828_21
train,image_directory_20230828_22,mask_directory_20230828_22
train,image_directory_20230828_23,mask_directory_20230828_23
train,image_directory_20230828_24,mask_directory_20230828_24
train,image_directory_20230828_25,mask_directory_20230828_25
train,image_directory_20230828_26,mask_directory_20230828_26
train,image_directory_20230828_27,mask_directory_20230828_27
train,image_directory_20230828_28,mask_directory_20230828_28
train,image_directory_20230828_29,mask_directory_20230828_29
train,image_directory_20230828_3,mask_directory_20230828_3
train,image_directory_20230828_30,mask_directory_20230828_30
train,image_directory_20230828_303,mask_directory_20230828_303
train,image_directory_20230828_304,mask_directory_20230828_304
train,image_directory_20230828_305,mask_directory_20230828_305
train,image_directory_20230828_306,mask_directory_20230828_306
train,image_directory_20230828_307,mask_directory_20230828_307
train,image_directory_20230828_308,mask_directory_20230828_308
train,image_directory_20230828_309,mask_directory_20230828_309
train,image_directory_20230828_31,mask_directory_20230828_31
train,image_directory_20230828_310,mask_directory_20230828_310
train,image_directory_20230828_311,mask_directory_20230828_311
train,image_directory_20230828_312,mask_directory_20230828_312
train,image_directory_20230828_313,mask_directory_20230828_313
train,image_directory_20230828_314,mask_directory_20230828_314
train,image_directory_20230828_315,mask_directory_20230828_315
train,image_directory_20230828_316,mask_directory_20230828_316
train,image_directory_20230828_317,mask_directory_20230828_317
train,image_directory_20230828_318,mask_directory_20230828_318
train,image_directory_20230828_319,mask_directory_20230828_319
train,image_directory_20230828_32,mask_directory_20230828_32
train,image_directory_20230828_320,mask_directory_20230828_320
train,image_directory_20230828_321,mask_directory_20230828_321
train,image_directory_20230828_322,mask_directory_20230828_322
train,image_directory_20230828_323,mask_directory_20230828_323
train,image_directory_20230828_324,mask_directory_20230828_324
train,image_directory_20230828_325,mask_directory_20230828_325
train,image_directory_20230828_326,mask_directory_20230828_326
train,image_directory_20230828_327,mask_directory_20230828_327
train,image_directory_20230828_328,mask_directory_20230828_328
train,image_directory_20230828_329,mask_directory_20230828_329
train,image_directory_20230828_33,mask_directory_20230828_33
train,image_directory_20230828_330,mask_directory_20230828_330
train,image_directory_20230828_331,mask_directory_20230828_331
train,image_directory_20230828_332,mask_directory_20230828_332
train,image_directory_20230828_333,mask_directory_20230828_333
train,image_directory_20230828_334,mask_directory_20230828_334
train,image_directory_20230828_335,mask_directory_20230828_335
train,image_directory_20230828_336,mask_directory_20230828_336
train,image_directory_20230828_337,mask_directory_20230828_337
train,image_directory_20230828_338,mask_directory_20230828_338
train,image_directory_20230828_339,mask_directory_20230828_339
train,image_directory_20230828_34,mask_directory_20230828_34
train,image_directory_20230828_340,mask_directory_20230828_340
train,image_directory_20230828_341,mask_directory_20230828_341
train,image_directory_20230828_342,mask_directory_20230828_342
train,image_directory_20230828_343,mask_directory_20230828_343
train,image_directory_20230828_344,mask_directory_20230828_344
train,image_directory_20230828_345,mask_directory_20230828_345
train,image_directory_20230828_346,mask_directory_20230828_346
train,image_directory_20230828_347,mask_directory_20230828_347
train,image_directory_20230828_348,mask_directory_20230828_348
train,image_directory_20230828_349,mask_directory_20230828_349
train,image_directory_20230828_35,mask_directory_20230828_35
train,image_directory_20230828_350,mask_directory_20230828_350
train,image_directory_20230828_351,mask_directory_20230828_351
train,image_directory_20230828_352,mask_directory_20230828_352
train,image_directory_20230828_353,mask_directory_20230828_353
train,image_directory_20230828_354,mask_directory_20230828_354
train,image_directory_20230828_355,mask_directory_20230828_355
train,image_directory_20230828_356,mask_directory_20230828_356
train,image_directory_20230828_357,mask_directory_20230828_357
train,image_directory_20230828_358,mask_directory_20230828_358
train,image_directory_20230828_359,mask_directory_20230828_359
train,image_directory_20230828_36,mask_directory_20230828_36
train,image_directory_20230828_360,mask_directory_20230828_360
train,image_directory_20230828_361,mask_directory_20230828_361
train,image_directory_20230828_362,mask_directory_20230828_362
train,image_directory_20230828_363,mask_directory_20230828_363
train,image_directory_20230828_364,mask_directory_20230828_364
train,image_directory_20230828_365,mask_directory_20230828_365
train,image_directory_20230828_366,mask_directory_20230828_366
train,image_directory_20230828_367,mask_directory_20230828_367
train,image_directory_20230828_368,mask_directory_20230828_368
train,image_directory_20230828_369,mask_directory_20230828_369
train,image_directory_20230828_37,mask_directory_20230828_37
train,image_directory_20230828_370,mask_directory_20230828_370
train,image_directory_20230828_371,mask_directory_20230828_371
train,image_directory_20230828_372,mask_directory_20230828_372
train,image_directory_20230828_373,mask_directory_20230828_373
train,image_directory_20230828_374,mask_directory_20230828_374
train,image_directory_20230828_375,mask_directory_20230828_375
train,image_directory_20230828_376,mask_directory_20230828_376
train,image_directory_20230828_377,mask_directory_20230828_377
train,image_directory_20230828_378,mask_directory_20230828_378
train,image_directory_20230828_379,mask_directory_20230828_379
train,image_directory_20230828_38,mask_directory_20230828_38
train,image_directory_20230828_380,mask_directory_20230828_380
train,image_directory_20230828_381,mask_directory_20230828_381
train,image_directory_20230828_382,mask_directory_20230828_382
train,image_directory_20230828_383,mask_directory_20230828_383
train,image_directory_20230828_384,mask_directory_20230828_384
train,image_directory_20230828_385,mask_directory_20230828_385
train,image_directory_20230828_386,mask_directory_20230828_386
train,image_directory_20230828_387,mask_directory_20230828_387
train,image_directory_20230828_388,mask_directory_20230828_388
train,image_directory_20230828_389,mask_directory_20230828_389
train,image_directory_20230828_39,mask_directory_20230828_39
train,image_directory_20230828_390,mask_directory_20230828_390
train,image_directory_20230828_391,mask_directory_20230828_391
train,image_directory_20230828_392,mask_directory_20230828_392
train,image_directory_20230828_393,mask_directory_20230828_393
train,image_directory_20230828_394,mask_directory_20230828_394
train,image_directory_20230828_395,mask_directory_20230828_395
train,image_directory_20230828_396,mask_directory_20230828_396
train,image_directory_20230828_397,mask_directory_20230828_397
train,image_directory_20230828_398,mask_directory_20230828_398
train,image_directory_20230828_399,mask_directory_20230828_399
train,image_directory_20230828_4,mask_directory_20230828_4
train,image_directory_20230828_40,mask_directory_20230828_40
train,image_directory_20230828_400,mask_directory_20230828_400
train,image_directory_20230828_401,mask_directory_20230828_401
train,image_directory_20230828_402,mask_directory_20230828_402
train,image_directory_20230828_403,mask_directory_20230828_403
train,image_directory_20230828_404,mask_directory_20230828_404
train,image_directory_20230828_405,mask_directory_20230828_405
train,image_directory_20230828_406,mask_directory_20230828_406
train,image_directory_20230828_407,mask_directory_20230828_407
train,image_directory_20230828_408,mask_directory_20230828_408
train,image_directory_20230828_409,mask_directory_20230828_409
train,image_directory_20230828_41,mask_directory_20230828_41
train,image_directory_20230828_410,mask_directory_20230828_410
train,image_directory_20230828_411,mask_directory_20230828_411
train,image_directory_20230828_412,mask_directory_20230828_412
train,image_directory_20230828_413,mask_directory_20230828_413
train,image_directory_20230828_414,mask_directory_20230828_414
train,image_directory_20230828_415,mask_directory_20230828_415
train,image_directory_20230828_416,mask_directory_20230828_416
train,image_directory_20230828_417,mask_directory_20230828_417
train,image_directory_20230828_418,mask_directory_20230828_418
train,image_directory_20230828_419,mask_directory_20230828_419
train,image_directory_20230828_42,mask_directory_20230828_42
train,image_directory_20230828_420,mask_directory_20230828_420
train,image_directory_20230828_421,mask_directory_20230828_421
train,image_directory_20230828_422,mask_directory_20230828_422
train,image_directory_20230828_423,mask_directory_20230828_423
train,image_directory_20230828_424,mask_directory_20230828_424
train,image_directory_20230828_425,mask_directory_20230828_425
train,image_directory_20230828_426,mask_directory_20230828_426
train,image_directory_20230828_427,mask_directory_20230828_427
train,image_directory_20230828_428,mask_directory_20230828_428
train,image_directory_20230828_429,mask_directory_20230828_429
train,image_directory_20230828_43,mask_directory_20230828_43
train,image_directory_20230828_430,mask_directory_20230828_430
train,image_directory_20230828_431,mask_directory_20230828_431
train,image_directory_20230828_432,mask_directory_20230828_432
train,image_directory_20230828_433,mask_directory_20230828_433
train,image_directory_20230828_434,mask_directory_20230828_434
train,image_directory_20230828_435,mask_directory_20230828_435
train,image_directory_20230828_436,mask_directory_20230828_436
train,image_directory_20230828_437,mask_directory_20230828_437
train,image_directory_20230828_438,mask_directory_20230828_438
train,image_directory_20230828_439,mask_directory_20230828_439
train,image_directory_20230828_44,mask_directory_20230828_44
train,image_directory_20230828_440,mask_directory_20230828_440
train,image_directory_20230828_441,mask_directory_20230828_441
train,image_directory_20230828_442,mask_directory_20230828_442
train,image_directory_20230828_443,mask_directory_20230828_443
train,image_directory_20230828_444,mask_directory_20230828_444
train,image_directory_20230828_445,mask_directory_20230828_445
train,image_directory_20230828_446,mask_directory_20230828_446
train,image_directory_20230828_447,mask_directory_20230828_447
train,image_directory_20230828_448,mask_directory_20230828_448
train,image_directory_20230828_449,mask_directory_20230828_449
train,image_directory_20230828_45,mask_directory_20230828_45
train,image_directory_20230828_450,mask_directory_20230828_450
train,image_directory_20230828_451,mask_directory_20230828_451
train,image_directory_20230828_452,mask_directory_20230828_452
train,image_directory_20230828_453,mask_directory_20230828_453
train,image_directory_20230828_454,mask_directory_20230828_454
train,image_directory_20230828_455,mask_directory_20230828_455
train,image_directory_20230828_456,mask_directory_20230828_456
train,image_directory_20230828_457,mask_directory_20230828_457
train,image_directory_20230828_458,mask_directory_20230828_458
train,image_directory_20230828_459,mask_directory_20230828_459
train,image_directory_20230828_46,mask_directory_20230828_46
train,image_directory_20230828_460,mask_directory_20230828_460
train,image_directory_20230828_461,mask_directory_20230828_461
train,image_directory_20230828_462,mask_directory_20230828_462
train,image_directory_20230828_463,mask_directory_20230828_463
train,image_directory_20230828_464,mask_directory_20230828_464
train,image_directory_20230828_465,mask_directory_20230828_465
train,image_directory_20230828_466,mask_directory_20230828_466
train,image_directory_20230828_467,mask_directory_20230828_467
train,image_directory_20230828_468,mask_directory_20230828_468
train,image_directory_20230828_469,mask_directory_20230828_469
train,image_directory_20230828_47,mask_directory_20230828_47
train,image_directory_20230828_470,mask_directory_20230828_470
train,image_directory_20230828_471,mask_directory_20230828_471
train,image_directory_20230828_472,mask_directory_20230828_472
train,image_directory_20230828_473,mask_directory_20230828_473
train,image_directory_20230828_474,mask_directory_20230828_474
train,image_directory_20230828_475,mask_directory_20230828_475
train,image_directory_20230828_476,mask_directory_20230828_476
train,image_directory_20230828_477,mask_directory_20230828_477
train,image_directory_20230828_478,mask_directory_20230828_478
train,image_directory_20230828_479,mask_directory_20230828_479
train,image_directory_20230828_48,mask_directory_20230828_48
train,image_directory_20230828_480,mask_directory_20230828_480
train,image_directory_20230828_481,mask_directory_20230828_481
train,image_directory_20230828_482,mask_directory_20230828_482
train,image_directory_20230828_483,mask_directory_20230828_483
train,image_directory_20230828_484,mask_directory_20230828_484
train,image_directory_20230828_485,mask_directory_20230828_485
train,image_directory_20230828_486,mask_directory_20230828_486
train,image_directory_20230828_487,mask_directory_20230828_487
train,image_directory_20230828_488,mask_directory_20230828_488
train,image_directory_20230828_489,mask_directory_20230828_489
train,image_directory_20230828_49,mask_directory_20230828_49
train,image_directory_20230828_490,mask_directory_20230828_490
train,image_directory_20230828_491,mask_directory_20230828_491
train,image_directory_20230828_492,mask_directory_20230828_492
train,image_directory_20230828_493,mask_directory_20230828_493
train,image_directory_20230828_494,mask_directory_20230828_494
train,image_directory_20230828_495,mask_directory_20230828_495
train,image_directory_20230828_496,mask_directory_20230828_496
train,image_directory_20230828_497,mask_directory_20230828_497
train,image_directory_20230828_498,mask_directory_20230828_498
train,image_directory_20230828_499,mask_directory_20230828_499
train,image_directory_20230828_5,mask_directory_20230828_5
train,image_directory_20230828_50,mask_directory_20230828_50
train,image_directory_20230828_500,mask_directory_20230828_500
train,image_directory_20230828_501,mask_directory_20230828_501
train,image_directory_20230828_502,mask_directory_20230828_502
train,image_directory_20230828_503,mask_directory_20230828_503
val,image_directory_20230828_504,mask_directory_20230828_504
val,image_directory_20230828_505,mask_directory_20230828_505
val,image_directory_20230828_506,mask_directory_20230828_506
val,image_directory_20230828_507,mask_directory_20230828_507
val,image_directory_20230828_508,mask_directory_20230828_508
val,image_directory_20230828_509,mask_directory_20230828_509
val,image_directory_20230828_51,mask_directory_20230828_51
val,image_directory_20230828_510,mask_directory_20230828_510
val,image_directory_20230828_511,mask_directory_20230828_511
val,image_directory_20230828_512,mask_directory_20230828_512
val,image_directory_20230828_513,mask_directory_20230828_513
val,image_directory_20230828_514,mask_directory_20230828_514
val,image_directory_20230828_515,mask_directory_20230828_515
val,image_directory_20230828_516,mask_directory_20230828_516
val,image_directory_20230828_517,mask_directory_20230828_517
val,image_directory_20230828_518,mask_directory_20230828_518
val,image_directory_20230828_519,mask_directory_20230828_519
val,image_directory_20230828_52,mask_directory_20230828_52
val,image_directory_20230828_520,mask_directory_20230828_520
val,image_directory_20230828_521,mask_directory_20230828_521
val,image_directory_20230828_522,mask_directory_20230828_522
val,image_directory_20230828_523,mask_directory_20230828_523
val,image_directory_20230828_524,mask_directory_20230828_524
val,image_directory_20230828_525,mask_directory_20230828_525
val,image_directory_20230828_526,mask_directory_20230828_526
val,image_directory_20230828_527,mask_directory_20230828_527
val,image_directory_20230828_528,mask_directory_20230828_528
val,image_directory_20230828_529,mask_directory_20230828_529
val,image_directory_20230828_53,mask_directory_20230828_53
val,image_directory_20230828_530,mask_directory_20230828_530
val,image_directory_20230828_531,mask_directory_20230828_531
val,image_directory_20230828_532,mask_directory_20230828_532
val,image_directory_20230828_533,mask_directory_20230828_533
val,image_directory_20230828_534,mask_directory_20230828_534
val,image_directory_20230828_535,mask_directory_20230828_535
val,image_directory_20230828_536,mask_directory_20230828_536
val,image_directory_20230828_537,mask_directory_20230828_537
val,image_directory_20230828_538,mask_directory_20230828_538
val,image_directory_20230828_539,mask_directory_20230828_539
val,image_directory_20230828_54,mask_directory_20230828_54
val,image_directory_20230828_540,mask_directory_20230828_540
val,image_directory_20230828_541,mask_directory_20230828_541
val,image_directory_20230828_542,mask_directory_20230828_542
val,image_directory_20230828_543,mask_directory_20230828_543
val,image_directory_20230828_544,mask_directory_20230828_544
val,image_directory_20230828_545,mask_directory_20230828_545
val,image_directory_20230828_546,mask_directory_20230828_546
val,image_directory_20230828_547,mask_directory_20230828_547
val,image_directory_20230828_548,mask_directory_20230828_548
val,image_directory_20230828_549,mask_directory_20230828_549
val,image_directory_20230828_55,mask_directory_20230828_55
val,image_directory_20230828_550,mask_directory_20230828_550
val,image_directory_20230828_551,mask_directory_20230828_551
val,image_directory_20230828_552,mask_directory_20230828_552
val,image_directory_20230828_553,mask_directory_20230828_553
val,image_directory_20230828_554,mask_directory_20230828_554
val,image_directory_20230828_555,mask_directory_20230828_555
val,image_directory_20230828_556,mask_directory_20230828_556
val,image_directory_20230828_557,mask_directory_20230828_557
val,image_directory_20230828_558,mask_directory_20230828_558
val,image_directory_20230828_559,mask_directory_20230828_559
val,image_directory_20230828_56,mask_directory_20230828_56
val,image_directory_20230828_560,mask_directory_20230828_560
val,image_directory_20230828_561,mask_directory_20230828_561
val,image_directory_20230828_562,mask_directory_20230828_562
val,image_directory_20230828_57,mask_directory_20230828_57
val,image_directory_20230828_58,mask_directory_20230828_58
val,image_directory_20230828_59,mask_directory_20230828_59
val,image_directory_20230828_6,mask_directory_20230828_6
val,image_directory_20230828_60,mask_directory_20230828_60
val,image_directory_20230828_61,mask_directory_20230828_61
val,image_directory_20230828_62,mask_directory_20230828_62
val,image_directory_20230828_63,mask_directory_20230828_63
val,image_directory_20230828_64,mask_directory_20230828_64
val,image_directory_20230828_65,mask_directory_20230828_65
val,image_directory_20230828_66,mask_directory_20230828_66
val,image_directory_20230828_67,mask_directory_20230828_67
val,image_directory_20230828_68,mask_directory_20230828_68
val,image_directory_20230828_69,mask_directory_20230828_69
val,image_directory_20230828_7,mask_directory_20230828_7
val,image_directory_20230828_70,mask_directory_20230828_70
val,image_directory_20230828_71,mask_directory_20230828_71
val,image_directory_20230828_710,mask_directory_20230828_710
val,image_directory_20230828_711,mask_directory_20230828_711
val,image_directory_20230828_712,mask_directory_20230828_712
val,image_directory_20230828_713,mask_directory_20230828_713
val,image_directory_20230828_714,mask_directory_20230828_714
val,image_directory_20230828_715,mask_directory_20230828_715
val,image_directory_20230828_716,mask_directory_20230828_716
val,image_directory_20230828_717,mask_directory_20230828_717
val,image_directory_20230828_718,mask_directory_20230828_718
val,image_directory_20230828_719,mask_directory_20230828_719
val,image_directory_20230828_72,mask_directory_20230828_72
val,image_directory_20230828_720,mask_directory_20230828_720
val,image_directory_20230828_721,mask_directory_20230828_721
val,image_directory_20230828_722,mask_directory_20230828_722
val,image_directory_20230828_723,mask_directory_20230828_723
val,image_directory_20230828_724,mask_directory_20230828_724
val,image_directory_20230828_725,mask_directory_20230828_725
val,image_directory_20230828_726,mask_directory_20230828_726
val,image_directory_20230828_727,mask_directory_20230828_727
val,image_directory_20230828_728,mask_directory_20230828_728
val,image_directory_20230828_729,mask_directory_20230828_729
val,image_directory_20230828_73,mask_directory_20230828_73
val,image_directory_20230828_730,mask_directory_20230828_730
val,image_directory_20230828_731,mask_directory_20230828_731
val,image_directory_20230828_732,mask_directory_20230828_732
val,image_directory_20230828_733,mask_directory_20230828_733
val,image_directory_20230828_734,mask_directory_20230828_734
val,image_directory_20230828_735,mask_directory_20230828_735
val,image_directory_20230828_736,mask_directory_20230828_736
val,image_directory_20230828_737,mask_directory_20230828_737
val,image_directory_20230828_738,mask_directory_20230828_738
val,image_directory_20230828_739,mask_directory_20230828_739
val,image_directory_20230828_74,mask_directory_20230828_74
val,image_directory_20230828_740,mask_directory_20230828_740
val,image_directory_20230828_741,mask_directory_20230828_741
val,image_directory_20230828_742,mask_directory_20230828_742
val,image_directory_20230828_743,mask_directory_20230828_743
val,image_directory_20230828_744,mask_directory_20230828_744
val,image_directory_20230828_745,mask_directory_20230828_745
val,image_directory_20230828_746,mask_directory_20230828_746
val,image_directory_20230828_747,mask_directory_20230828_747
val,image_directory_20230828_748,mask_directory_20230828_748
val,image_directory_20230828_749,mask_directory_20230828_749
val,image_directory_20230828_75,mask_directory_20230828_75
val,image_directory_20230828_750,mask_directory_20230828_750
val,image_directory_20230828_751,mask_directory_20230828_751
val,image_directory_20230828_752,mask_directory_20230828_752
val,image_directory_20230828_753,mask_directory_20230828_753
val,image_directory_20230828_754,mask_directory_20230828_754
val,image_directory_20230828_755,mask_directory_20230828_755
val,image_directory_20230828_756,mask_directory_20230828_756
val,image_directory_20230828_757,mask_directory_20230828_757
val,image_directory_20230828_758,mask_directory_20230828_758
val,image_directory_20230828_759,mask_directory_20230828_759
val,image_directory_20230828_76,mask_directory_20230828_76
val,image_directory_20230828_760,mask_directory_20230828_760
val,image_directory_20230828_761,mask_directory_20230828_761
val,image_directory_20230828_762,mask_directory_20230828_762
val,image_directory_20230828_763,mask_directory_20230828_763
val,image_directory_20230828_764,mask_directory_20230828_764
val,image_directory_20230828_765,mask_directory_20230828_765
val,image_directory_20230828_766,mask_directory_20230828_766
val,image_directory_20230828_767,mask_directory_20230828_767
val,image_directory_20230828_768,mask_directory_20230828_768
val,image_directory_20230828_769,mask_directory_20230828_769
val,image_directory_20230828_77,mask_directory_20230828_77
val,image_directory_20230828_770,mask_directory_20230828_770
val,image_directory_20230828_771,mask_directory_20230828_771
val,image_directory_20230828_772,mask_directory_20230828_772
val,image_directory_20230828_773,mask_directory_20230828_773
val,image_directory_20230828_774,mask_directory_20230828_774
val,image_directory_20230828_775,mask_directory_20230828_775
val,image_directory_20230828_776,mask_directory_20230828_776
val,image_directory_20230828_777,mask_directory_20230828_777
val,image_directory_20230828_778,mask_directory_20230828_778
val,image_directory_20230828_779,mask_directory_20230828_779
val,image_directory_20230828_78,mask_directory_20230828_78
val,image_directory_20230828_780,mask_directory_20230828_780
val,image_directory_20230828_781,mask_directory_20230828_781
val,image_directory_20230828_782,mask_directory_20230828_782
val,image_directory_20230828_783,mask_directory_20230828_783
val,image_directory_20230828_784,mask_directory_20230828_784
val,image_directory_20230828_785,mask_directory_20230828_785
val,image_directory_20230828_786,mask_directory_20230828_786
val,image_directory_20230828_787,mask_directory_20230828_787
val,image_directory_20230828_788,mask_directory_20230828_788
val,image_directory_20230828_789,mask_directory_20230828_789
val,image_directory_20230828_79,mask_directory_20230828_79
val,image_directory_20230828_790,mask_directory_20230828_790
val,image_directory_20230828_791,mask_directory_20230828_791
val,image_directory_20230828_792,mask_directory_20230828_792
val,image_directory_20230828_793,mask_directory_20230828_793
val,image_directory_20230828_794,mask_directory_20230828_794
val,image_directory_20230828_795,mask_directory_20230828_795
val,image_directory_20230828_796,mask_directory_20230828_796
val,image_directory_20230828_797,mask_directory_20230828_797
val,image_directory_20230828_798,mask_directory_20230828_798
val,image_directory_20230828_799,mask_directory_20230828_799
val,image_directory_20230828_8,mask_directory_20230828_8
val,image_directory_20230828_80,mask_directory_20230828_80
val,image_directory_20230828_800,mask_directory_20230828_800
val,image_directory_20230828_801,mask_directory_20230828_801
val,image_directory_20230828_802,mask_directory_20230828_802
val,image_directory_20230828_803,mask_directory_20230828_803
val,image_directory_20230828_804,mask_directory_20230828_804
val,image_directory_20230828_805,mask_directory_20230828_805
val,image_directory_20230828_806,mask_directory_20230828_806
val,image_directory_20230828_807,mask_directory_20230828_807
val,image_directory_20230828_808,mask_directory_20230828_808
test,image_directory_20230828_809,mask_directory_20230828_809
test,image_directory_20230828_810,mask_directory_20230828_810
test,image_directory_20230828_811,mask_directory_20230828_811
test,image_directory_20230828_812,mask_directory_20230828_812
test,image_directory_20230828_813,mask_directory_20230828_813
test,image_directory_20230828_814,mask_directory_20230828_814
test,image_directory_20230828_815,mask_directory_20230828_815
test,image_directory_20230828_816,mask_directory_20230828_816
test,image_directory_20230828_817,mask_directory_20230828_817
test,image_directory_20230828_818,mask_directory_20230828_818
test,image_directory_20230828_819,mask_directory_20230828_819
test,image_directory_20230828_820,mask_directory_20230828_820
test,image_directory_20230828_821,mask_directory_20230828_821
test,image_directory_20230828_822,mask_directory_20230828_822
test,image_directory_20230828_823,mask_directory_20230828_823
test,image_directory_20230828_824,mask_directory_20230828_824
test,image_directory_20230828_825,mask_directory_20230828_825
test,image_directory_20230828_826,mask_directory_20230828_826
test,image_directory_20230828_827,mask_directory_20230828_827
test,image_directory_20230828_828,mask_directory_20230828_828
test,image_directory_20230828_829,mask_directory_20230828_829
test,image_directory_20230828_830,mask_directory_20230828_830
test,image_directory_20230828_831,mask_directory_20230828_831
test,image_directory_20230828_832,mask_directory_20230828_832
test,image_directory_20230828_833,mask_directory_20230828_833
test,image_directory_20230828_834,mask_directory_20230828_834
test,image_directory_20230828_835,mask_directory_20230828_835
test,image_directory_20230828_836,mask_directory_20230828_836
test,image_directory_20230828_837,mask_directory_20230828_837
test,image_directory_20230828_838,mask_directory_20230828_838
test,image_directory_20230828_839,mask_directory_20230828_839
test,image_directory_20230828_840,mask_directory_20230828_840
test,image_directory_20230828_841,mask_directory_20230828_841
test,image_directory_20230828_842,mask_directory_20230828_842
test,image_directory_20230828_843,mask_directory_20230828_843
test,image_directory_20230828_844,mask_directory_20230828_844
test,image_directory_20230828_845,mask_directory_20230828_845
test,image_directory_20230828_846,mask_directory_20230828_846
test,image_directory_20230828_847,mask_directory_20230828_847
test,image_directory_20230828_848,mask_directory_20230828_848
test,image_directory_20230828_849,mask_directory_20230828_849
test,image_directory_20230828_850,mask_directory_20230828_850
test,image_directory_20230828_851,mask_directory_20230828_851
test,image_directory_20230828_852,mask_directory_20230828_852
test,image_directory_20230828_853,mask_directory_20230828_853
test,image_directory_20230828_854,mask_directory_20230828_854
test,image_directory_20230828_855,mask_directory_20230828_855
test,image_directory_20230828_856,mask_directory_20230828_856
test,image_directory_20230828_857,mask_directory_20230828_857
test,image_directory_20230828_858,mask_directory_20230828_858
test,image_directory_20230828_859,mask_directory_20230828_859
test,image_directory_20230828_860,mask_directory_20230828_860
test,image_directory_20230828_861,mask_directory_20230828_861
test,image_directory_20230828_862,mask_directory_20230828_862
test,image_directory_20230828_863,mask_directory_20230828_863
test,image_directory_20230828_864,mask_directory_20230828_864
test,image_directory_20230828_865,mask_directory_20230828_865
test,image_directory_20230828_866,mask_directory_20230828_866
test,image_directory_20230828_867,mask_directory_20230828_867
test,image_directory_20230828_868,mask_directory_20230828_868
test,image_directory_20230828_869,mask_directory_20230828_869
test,image_directory_20230828_870,mask_directory_20230828_870
test,image_directory_20230828_871,mask_directory_20230828_871
test,image_directory_20230828_872,mask_directory_20230828_872
test,image_directory_20230828_873,mask_directory_20230828_873
test,image_directory_20230828_874,mask_directory_20230828_874
test,image_directory_20230828_875,mask_directory_20230828_875
test,image_directory_20230828_876,mask_directory_20230828_876
test,image_directory_20230828_877,mask_directory_20230828_877
test,image_directory_20230828_878,mask_directory_20230828_878
test,image_directory_20230828_879,mask_directory_20230828_879
test,image_directory_20230828_880,mask_directory_20230828_880
test,image_directory_20230828_881,mask_directory_20230828_881
test,image_directory_20230828_882,mask_directory_20230828_882
test,image_directory_20230828_883,mask_directory_20230828_883
test,image_directory_20230828_884,mask_directory_20230828_884
test,image_directory_20230828_885,mask_directory_20230828_885
test,image_directory_20230828_886,mask_directory_20230828_886
test,image_directory_20230828_887,mask_directory_20230828_887
test,image_directory_20230828_888,mask_directory_20230828_888
test,image_directory_20230828_889,mask_directory_20230828_889
test,image_directory_20230828_890,mask_directory_20230828_890
test,image_directory_20230828_891,mask_directory_20230828_891
test,image_directory_20230828_892,mask_directory_20230828_892
test,image_directory_20230828_893,mask_directory_20230828_893
test,image_directory_20230828_894,mask_directory_20230828_894
test,image_directory_20230828_895,mask_directory_20230828_895
test,image_directory_20230828_896,mask_directory_20230828_896
test,image_directory_20230828_897,mask_directory_20230828_897
test,image_directory_20230828_898,mask_directory_20230828_898
test,image_directory_20230828_899,mask_directory_20230828_899
test,image_directory_20230828_9,mask_directory_20230828_9
test,image_directory_20230828_900,mask_directory_20230828_900
test,image_directory_20230828_901,mask_directory_20230828_901
test,image_directory_20230828_902,mask_directory_20230828_902
test,image_directory_20230828_903,mask_directory_20230828_903
test,image_directory_20230828_904,mask_directory_20230828_904
test,image_directory_20230828_905,mask_directory_20230828_905
test,image_directory_20230828_906,mask_directory_20230828_906
test,image_directory_20230828_907,mask_directory_20230828_907
test,image_directory_20230828_908,mask_directory_20230828_908
test,image_directory_20230828_909,mask_directory_20230828_909
test,image_directory_20230828_910,mask_directory_20230828_910
test,image_directory_20230828_911,mask_directory_20230828_911
test,image_directory_20230828_912,mask_directory_20230828_912
test,image_directory_20230828_913,mask_directory_20230828_913
test,image_directory_20230828_914,mask_directory_20230828_914
test,image_directory_20230828_915,mask_directory_20230828_915
test,image_directory_20230828_916,mask_directory_20230828_916
test,image_directory_20230828_917,mask_directory_20230828_917
test,image_directory_20230828_918,mask_directory_20230828_918
test,image_directory_20230828_919,mask_directory_20230828_919
test,image_directory_20230828_920,mask_directory_20230828_920
test,image_directory_20230828_921,mask_directory_20230828_921
test,image_directory_20230828_922,mask_directory_20230828_922
test,image_directory_20230828_923,mask_directory_20230828_923
test,image_directory_20230828_924,mask_directory_20230828_924
test,image_directory_20230828_925,mask_directory_20230828_925
test,image_directory_20230828_926,mask_directory_20230828_926
test,image_directory_20230828_927,mask_directory_20230828_927
test,image_directory_20230828_928,mask_directory_20230828_928
test,image_directory_20230828_929,mask_directory_20230828_929
test,image_directory_20230828_930,mask_directory_20230828_930
test,image_directory_20230828_931,mask_directory_20230828_931
test,image_directory_20230828_932,mask_directory_20230828_932
test,image_directory_20230828_933,mask_directory_20230828_933
test,image_directory_20230828_934,mask_directory_20230828_934
test,image_directory_20230828_935,mask_directory_20230828_935
test,image_directory_20230828_936,mask_directory_20230828_936
test,image_directory_20230828_937,mask_directory_20230828_937
test,image_directory_20230828_938,mask_directory_20230828_938
test,image_directory_20230828_939,mask_directory_20230828_939
test,image_directory_20230828_940,mask_directory_20230828_940
test,image_directory_20230828_941,mask_directory_20230828_941
test,image_directory_20230828_942,mask_directory_20230828_942
test,image_directory_20230828_943,mask_directory_20230828_943
test,image_directory_20230828_944,mask_directory_20230828_944
test,image_directory_20230828_945,mask_directory_20230828_945
test,image_directory_20230828_946,mask_directory_20230828_946
test,image_directory_20230828_947,mask_directory_20230828_947
test,image_directory_20230828_948,mask_directory_20230828_948
test,image_directory_20230828_949,mask_directory_20230828_949
test,image_directory_20230828_950,mask_directory_20230828_950
test,image_directory_20230828_951,mask_directory_20230828_951
test,image_directory_20230828_952,mask_directory_20230828_952
test,image_directory_20230828_953,mask_directory_20230828_953
test,image_directory_20230828_954,mask_directory_20230828_954
test,image_directory_20230828_955,mask_directory_20230828_955
test,image_directory_20230828_956,mask_directory_20230828_956
test,image_directory_20230828_957,mask_directory_20230828_957
test,image_directory_20230828_958,mask_directory_20230828_958
test,image_directory_20230828_959,mask_directory_20230828_959
test,image_directory_20230828_960,mask_directory_20230828_960
test,image_directory_20230828_961,mask_directory_20230828_961
test,image_directory_20230828_962,mask_directory_20230828_962
test,image_directory_20230828_963,mask_directory_20230828_963
test,image_directory_20230828_964,mask_directory_20230828_964
test,image_directory_20230828_965,mask_directory_20230828_965
test,image_directory_20230828_966,mask_directory_20230828_966
test,image_directory_20230828_967,mask_directory_20230828_967
test,image_directory_20230828_968,mask_directory_20230828_968
test,image_directory_20230828_969,mask_directory_20230828_969
test,image_directory_20230828_970,mask_directory_20230828_970
test,image_directory_20230828_971,mask_directory_20230828_971
test,image_directory_20230828_972,mask_directory_20230828_972
test,image_directory_20230828_973,mask_directory_20230828_973
test,image_directory_20230828_974,mask_directory_20230828_974
test,image_directory_20230828_975,mask_directory_20230828_975
test,image_directory_20230828_976,mask_directory_20230828_976
test,image_directory_20230828_977,mask_directory_20230828_977
test,image_directory_20230828_978,mask_directory_20230828_978
test,image_directory_20230828_979,mask_directory_20230828_979
test,image_directory_20230828_980,mask_directory_20230828_980
test,image_directory_20230828_981,mask_directory_20230828_981
test,image_directory_20230828_982,mask_directory_20230828_982
test,image_directory_20230828_983,mask_directory_20230828_983
test,image_directory_20230828_984,mask_directory_20230828_984
test,image_directory_20230828_985,mask_directory_20230828_985
test,image_directory_20230828_986,mask_directory_20230828_986
test,image_directory_20230828_987,mask_directory_20230828_987
test,image_directory_20230828_988,mask_directory_20230828_988
test,image_directory_20230828_989,mask_directory_20230828_989
test,image_directory_20230828_990,mask_directory_20230828_990
test,image_directory_20230828_991,mask_directory_20230828_991
test,image_directory_20230828_992,mask_directory_20230828_992
test,image_directory_20230828_993,mask_directory_20230828_993
test,image_directory_20230828_994,mask_directory_20230828_994
test,image_directory_20230828_995,mask_directory_20230828_995
test,image_directory_20230828_996,mask_directory_20230828_996
test,image_directory_20230828_997,mask_directory_20230828_997
test,image_directory_20230828_998,mask_directory_20230828_998
test,image_directory_20230828_999,mask_directory_20230828_999
